0,Coins,0,0,0,0,0,0,0,0,0,0,0,0,0,0,0,1
1,Copper Dagger,0,0,0,0,0,0,0,1,4,0,1,0,1,0,1,1
2,Copper Short Sword,0,0,0,0,0,0,2,3,6,0,1,0,2,0,1,2
3,Copper Long Sword,0,0,0,0,0,0,0,4,6,0,1,0,3,0,1,3
4,Copper Katana,0,0,0,0,0,0,0,2,5,0,1,0,4,0,1,4
5,Copper Battleaxe,0,0,0,0,0,0,0,4,7,0,1,0,5,0,1,4
6,Copper Warhammer,0,0,0,0,0,0,0,5,7,0,1,0,5,0,1,3
7,Copper Spear,0,0,0,0,0,0,2,5,8,0,1,0,6,0,1,3
8,Copper Axe,0,0,0,0,0,0,0,0,5,0,1,1,3,0,1,2
9,Copper 2H Sword,0,0,0,0,0,0,3,3,8,0,1,0,5,0,1,3
10,Copper Scimitar,0,0,0,0,0,0,2,1,6,0,1,0,7,0,1,3
11,Copper 2H Warhammer,0,0,0,0,0,0,2,7,8,0,1,0,8,0,1,3
12,Copper Mace,0,0,0,0,0,0,1,3,7,0,1,0,7,0,1,2
13,Copper Gladius,0,0,0,0,0,0,2,2,6,0,1,0,9,0,1,3
14,Copper Halberd,0,0,0,0,0,0,0,6,8,0,1,0,9,0,1,4
15,Bronze Dagger,0,0,0,0,0,0,0,1,3,0,5,0,10,0,2,5
16,Bronze Short Sword,0,0,0,0,0,0,3,5,5,0,5,0,11,0,2,7
17,Bronze Long Sword,0,0,0,0,0,0,1,6,5,0,5,0,12,0,2,9
18,Bronze Katana,0,0,0,0,0,0,0,3,4,0,5,0,13,0,2,12
19,Bronze Battleaxe,0,0,0,0,0,0,1,6,6,0,5,0,14,0,2,12
20,Bronze Warhammer,0,0,0,0,0,0,0,7,6,0,5,0,14,0,2,9
21,Bronze Spear,0,0,0,0,0,0,3,7,7,0,5,0,15,0,2,9
22,Bronze Axe,0,0,0,0,0,0,0,0,5,0,5,5,12,0,2,6
23,Bronze 2H Sword,0,0,0,0,0,0,4,5,7,0,5,0,14,0,2,9
24,Bronze Scimitar,0,0,0,0,0,0,3,3,5,0,5,0,16,0,2,9
25,Bronze 2H Warhammer,0,0,0,0,0,0,3,9,7,0,5,0,17,0,2,9
26,Bronze Mace,0,0,0,0,0,0,2,5,6,0,5,0,16,0,2,6
27,Bronze Gladius,0,0,0,0,0,0,3,4,5,0,5,0,19,0,2,9
28,Bronze Halberd,0,0,0,0,0,0,1,8,7,0,5,0,18,0,2,12
29,Iron Dagger,0,0,0,0,0,0,0,2,3,0,10,0,20,0,3,15
30,Iron Short Sword,0,0,0,0,0,0,4,9,5,0,10,0,21,0,3,18
31,Iron Long Sword,0,0,0,0,0,0,2,10,5,0,10,0,22,0,3,21
32,Iron Katana,0,0,0,0,0,0,1,5,4,0,10,0,23,0,3,24
33,Iron Battleaxe,0,0,0,0,0,0,2,10,6,0,10,0,24,0,3,24
34,Iron Warhammer,0,0,0,0,0,0,1,11,6,0,10,0,24,0,3,21
35,Iron Spear,0,0,0,0,0,0,4,11,7,0,10,0,25,0,3,21
36,Iron Axe,0,0,0,0,0,0,0,0,5,0,10,10,22,0,3,18
37,Iron 2H Sword,0,0,0,0,0,0,5,9,7,0,10,0,24,0,3,21
38,Iron Scimitar,0,0,0,0,0,0,4,7,5,0,10,0,26,0,3,21
39,Iron 2H Warhammer,0,0,0,0,0,0,4,13,7,0,10,0,27,0,3,21
40,Iron Mace,0,0,0,0,0,0,3,9,6,0,10,0,26,0,3,18
41,Iron Gladius,0,0,0,0,0,0,4,8,5,0,10,0,29,0,3,21
42,Iron Halberd,0,0,0,0,0,0,2,12,7,0,10,0,28,0,3,24
43,Steel Dagger,0,0,0,0,0,0,0,3,3,0,20,0,30,0,6,50
44,Steel Short Sword,0,0,0,0,0,0,5,11,5,0,20,0,31,0,7,55
45,Steel Long Sword,0,0,0,0,0,0,3,12,5,0,20,0,32,0,7,60
46,Steel Katana,0,0,0,0,0,0,2,8,4,0,20,0,33,0,8,65
47,Steel Battleaxe,0,0,0,0,0,0,3,12,6,0,20,0,34,0,8,65
48,Steel Warhammer,0,0,0,0,0,0,2,13,6,0,20,0,34,0,7,60
49,Steel Spear,0,0,0,0,0,0,5,13,7,0,20,0,35,0,7,60
50,Steel Axe,0,0,0,0,0,0,0,0,5,0,20,20,32,0,7,55
51,Steel 2H Sword,0,0,0,0,0,0,6,11,7,0,20,0,34,0,7,60
52,Steel Scimitar,0,0,0,0,0,0,5,9,5,0,20,0,36,0,7,60
53,Steel 2H Warhammer,0,0,0,0,0,0,5,15,7,0,20,0,37,0,7,60
54,Steel Mace,0,0,0,0,0,0,4,11,6,0,20,0,36,0,7,55
55,Steel Gladius,0,0,0,0,0,0,5,10,5,0,20,0,39,0,7,60
56,Steel Halberd,0,0,0,0,0,0,3,14,7,0,20,0,38,0,8,65
57,Psywood Dagger,0,0,0,0,0,0,0,5,2,0,30,0,40,0,16,150
58,Psywood Short Sword,0,0,0,0,0,0,10,16,4,0,30,0,41,0,17,160
59,Psywood Long Sword,0,0,0,0,0,0,8,17,4,0,30,0,42,0,18,170
60,Psywood Katana,0,0,0,0,0,0,4,10,3,0,30,0,43,0,19,180
61,Psywood Battleaxe,0,0,0,0,0,0,8,17,5,0,30,0,44,0,19,180
62,Psywood Warhammer,0,0,0,0,0,0,7,18,5,0,30,0,44,0,18,170
63,Psywood Spear,0,0,0,0,0,0,22,32,6,0,30,0,45,0,18,170
64,Psywood Axe,0,0,0,0,0,0,0,0,5,0,30,30,42,0,17,160
65,Psywood 2H Sword,0,0,0,0,0,0,11,16,6,0,30,0,44,0,18,170
66,Psywood Scimitar,0,0,0,0,0,0,10,14,4,0,30,0,46,0,18,170
67,Psywood 2H Warhammer,0,0,0,0,0,0,10,20,6,0,30,0,47,0,18,170
68,Psywood Mace,0,0,0,0,0,0,9,16,5,0,30,0,46,0,17,160
69,Psywood Gladius,0,0,0,0,0,0,12,17,4,0,30,0,49,0,18,170
70,Psywood Halberd,0,0,0,0,0,0,8,19,6,0,30,0,48,0,19,180
71,E. Copper Dagger,0,0,0,0,0,0,0,6,2,0,40,0,50,0,46,450
72,E. Copper Short Sword,0,0,0,0,0,0,17,21,4,0,40,0,51,0,49,480
73,E. Copper Long Sword,0,0,0,0,0,0,15,22,4,0,40,0,52,0,52,510
74,E. Copper Katana,0,0,0,0,0,0,8,13,3,0,40,0,53,0,55,540
75,E. Copper Battleaxe,0,0,0,0,0,0,15,22,5,0,40,0,54,0,55,540
76,E. Copper Warhammer,0,0,0,0,0,0,14,23,5,0,40,0,54,0,52,510
77,E. Copper Spear,0,0,0,0,0,0,24,38,6,0,40,0,55,0,52,510
78,E. Copper Axe,0,0,0,0,0,0,0,0,5,0,40,40,52,0,49,480
79,E. Copper 2H Sword,0,0,0,0,0,0,18,21,6,0,40,0,54,0,52,510
80,E. Copper Scimitar,0,0,0,0,0,0,17,19,4,0,40,0,56,0,52,510
81,E. Copper 2H Warhammer,0,0,0,0,0,0,17,25,6,0,40,0,57,0,52,510
82,E. Copper Mace,0,0,0,0,0,0,16,21,5,0,40,0,56,0,49,480
83,E. Copper Gladius,0,0,0,0,0,0,19,22,4,0,40,0,59,0,52,510
84,E. Copper Halberd,0,0,0,0,0,0,15,24,6,0,40,0,58,0,55,540
85,E. Gold Dagger,0,0,0,0,0,0,0,7,2,0,50,0,60,0,251,2500
86,E. Gold Short Sword,0,0,0,0,0,0,20,24,4,0,50,0,61,0,301,3000
87,E. Gold Long Sword,0,0,0,0,0,0,18,25,4,0,50,0,62,0,351,3500
88,E. Gold Katana,0,0,0,0,0,0,11,16,3,0,50,0,63,0,401,4000
89,E. Gold Battleaxe,0,0,0,0,0,0,18,25,5,0,50,0,64,0,401,4000
90,E. Gold Warhammer,0,0,0,0,0,0,17,26,5,0,50,0,64,0,351,3500
91,E. Gold Spear,0,0,0,0,0,0,26,48,6,0,50,0,65,0,351,3500
92,E. Gold Axe,0,0,0,0,0,0,0,0,5,0,50,50,62,0,301,3000
93,E. Gold 2H Sword,0,0,0,0,0,0,21,24,6,0,50,0,64,0,351,3500
94,E. Gold Scimitar,0,0,0,0,0,0,20,22,4,0,50,0,66,0,351,3500
95,E. Gold 2H Warhammer,0,0,0,0,0,0,20,28,6,0,50,0,67,0,351,3500
96,E. Gold Mace,0,0,0,0,0,0,19,24,5,0,50,0,66,0,301,3000
97,E. Gold Gladius,0,0,0,0,0,0,22,25,4,0,50,0,69,0,351,3500
98,E. Gold Halberd,0,0,0,0,0,0,18,27,6,0,50,0,68,0,401,4000
99,Damascus Dagger,0,0,0,0,0,0,0,8,1,0,60,0,70,0,2501,25000
100,Damascus Short Sword,0,0,0,0,0,0,17,34,3,0,60,0,72,0,2701,27000
101,Damascus Long Sword,0,0,0,0,0,0,15,35,3,0,60,0,74,0,2901,29000
102,Damascus Katana,0,0,0,0,0,0,13,25,2,0,60,0,76,0,3101,31000
103,Damascus Battleaxe,0,0,0,0,0,0,15,35,4,0,60,0,78,0,3101,31000
104,Damascus Warhammer,0,0,0,0,0,0,14,36,4,0,60,0,78,0,2901,29000
105,Damascus Spear,0,0,0,0,0,0,48,72,5,0,60,0,80,0,2901,29000
106,Damascus Axe,0,0,0,0,0,0,0,0,5,0,60,60,74,0,3101,31000
107,Damascus 2H Sword,0,0,0,0,0,0,18,34,5,0,60,0,78,0,2901,29000
108,Damascus Scimitar,0,0,0,0,0,0,17,32,3,0,60,0,84,0,2901,29000
109,Damascus 2H Warhammer,0,0,0,0,0,0,17,38,5,0,60,0,88,0,2901,29000
110,Damascus Mace,0,0,0,0,0,0,16,34,4,0,60,0,84,0,2701,27000
111,Damascus Gladius,0,0,0,2,0,0,28,48,3,0,60,0,94,0,2901,29000
112,Damascus Halberd,0,0,0,0,0,0,15,37,5,0,60,0,90,0,3101,31000
113,Small Grenade,0,0,0,0,0,0,8,24,5,4,15,0,1,0,4,25
114,Small Gas Grenade,0,0,0,0,0,0,8,24,5,4,20,0,15,0,5,35
115,Small Napalm Grenade,0,0,0,0,0,0,8,24,5,4,25,0,5,0,4,30
116,Small Freeze Grenade,0,0,0,0,0,0,8,24,5,4,30,0,20,0,5,40
117,Small Lifesteal Grenade,0,0,0,0,0,0,6,18,5,4,35,80,95,0,12,105
118,Medium Grenade,0,0,0,0,0,0,12,32,5,4,40,0,25,0,26,250
119,Medium Gas Grenade,0,0,0,0,0,0,12,32,5,4,45,0,40,0,36,350
120,Medium Napalm Grenade,0,0,0,0,0,0,12,32,5,4,50,0,35,0,31,300
121,Medium Freeze Grenade,0,0,0,0,0,0,12,32,5,4,55,0,45,0,51,500
122,Medium Lifesteal Grenade,0,0,0,0,0,0,8,16,5,4,60,85,99,0,106,1050
123,Large Grenade,0,0,0,0,0,0,20,50,5,4,65,55,60,0,251,2500
124,Large Gas Grenade,0,0,0,0,0,0,20,50,5,4,70,65,80,0,351,3500
125,Large Napalm Grenade,0,0,0,0,0,0,20,50,5,4,75,60,70,0,301,3000
126,Large Freeze Grenade,0,0,0,0,0,0,20,50,5,4,80,75,90,0,501,5000
127,Deadwood Shortbow,0,0,0,0,0,0,1,3,3,6,5,0,1,0,1,3
128,Deadwood Longbow,0,0,0,0,0,0,3,7,4,9,35,0,5,0,2,5
129,Pine Shortbow,0,0,0,0,0,0,2,5,3,6,7,0,12,0,2,10
130,Pine Longbow,0,0,0,0,0,0,4,9,4,9,37,0,16,0,3,20
131,Oak Shortbow,0,0,0,0,0,0,3,6,3,6,9,0,22,0,4,30
132,Oak Longbow,0,0,0,0,0,0,6,11,4,9,39,0,26,0,5,35
133,Willow Shortbow,0,0,0,0,0,0,4,7,3,6,11,0,32,0,6,50
134,Willow Longbow,0,0,0,0,0,0,8,14,4,9,41,0,36,0,11,100
135,Yellowwood Shortbow,0,0,0,0,0,0,5,8,3,6,13,0,42,0,31,300
136,Yellowwood Longbow,0,0,0,0,0,0,11,16,4,9,43,0,46,0,41,400
137,Psywood Shortbow,0,0,0,0,0,0,4,9,3,6,15,0,52,0,61,600
138,Psywood Longbow,0,0,0,0,0,0,14,20,4,9,45,0,56,0,71,700
139,Acacia Shortbow,0,0,0,0,0,0,6,10,3,6,17,0,62,0,91,900
140,Acacia Longbow,0,0,0,0,0,0,16,23,4,9,47,0,66,0,101,1000
141,Weerwood Shortbow,0,0,0,0,0,0,7,11,3,6,19,0,72,0,121,1200
142,Weerwood Longbow,0,0,0,0,0,0,18,25,4,9,49,0,76,0,131,1300
143,Redwood Shortbow,0,0,0,0,0,0,8,12,3,6,21,0,82,0,151,1500
144,Redwood Longbow,0,0,0,0,0,0,20,28,4,9,51,0,86,0,161,1600
145,Baobab Shortbow,0,0,0,0,0,0,9,13,3,6,23,0,92,0,191,1900
146,Baobab Longbow,0,0,0,0,0,0,22,30,4,9,53,0,96,0,201,2000
147,Deadwood Staff,0,0,0,0,0,0,0,3,4,1.5,1,0,1,0,2,5
148,Pine Staff,0,0,0,0,0,1,0,4,4,1.5,5,0,5,0,3,15
149,Oak Staff,0,0,0,0,0,2,1,5,4,1.5,10,0,9,0,7,55
150,Willow Staff,0,0,0,0,0,3,2,6,4,1.5,15,0,13,0,9,75
151,Yellowwood Staff,0,0,0,0,0,4,3,7,4,1.5,20,0,17,0,16,150
152,Copper Staff,0,0,0,0,0,5,4,8,4,1.5,25,0,21,0,4,25
153,Bronze Staff,0,0,0,0,0,6,5,9,4,1.5,30,0,25,0,7,55
154,Iron Staff,0,0,0,0,0,7,6,10,4,1.5,35,0,29,0,10,85
155,Steel Staff,0,0,0,0,0,8,7,11,4,1.5,40,0,33,0,21,200
156,Psywood Staff,0,0,0,0,0,9,8,12,4,1.5,45,0,37,0,51,500
157,Copper Deadwood Arrows,0,0,0,0,0,0,0,2,0,0,5,0,7,0,1,1
158,Copper Pine Arrows,0,0,0,0,0,0,0,3,0,0,5,0,7,0,1,2
159,Copper Oak Arrows,0,0,0,0,0,0,1,3,0,0,5,0,7,0,1,3
160,Copper Willow Arrows,0,0,0,0,0,0,1,4,0,0,5,0,7,0,1,4
161,Copper Yellowwood Arrows,0,0,0,0,0,0,2,4,0,0,5,0,7,0,2,5
162,Copper Psywood Arrows,0,0,0,0,0,0,1,7,0,0,5,0,7,0,2,6
163,Copper Acacia Arrows,0,0,0,0,0,0,3,5,0,0,5,0,7,0,2,7
164,Copper Weerwood Arrows,0,0,0,0,0,0,3,6,0,0,5,0,7,0,2,8
165,Copper Redwood Arrows,0,0,0,0,0,0,4,7,0,0,5,0,7,0,2,9
166,Copper Baobab Arrows,0,0,0,0,0,0,5,8,0,0,5,0,7,0,2,10
167,Bronze Pine Arrows,0,0,0,0,0,0,0,3,0,0,10,0,17,0,1,3
168,Bronze Oak Arrows,0,0,0,0,0,0,1,4,0,0,10,0,17,0,1,4
169,Bronze Willow Arrows,0,0,0,0,0,0,2,4,0,0,10,0,17,0,2,5
170,Bronze Yellowwood Arrows,0,0,0,0,0,0,2,5,0,0,10,0,17,0,2,6
171,Bronze Psywood Arrows,0,0,0,0,0,0,1,8,0,0,10,0,17,0,2,7
172,Bronze Acacia Arrows,0,0,0,0,0,0,3,6,0,0,10,0,17,0,2,8
173,Bronze Weerwood Arrows,0,0,0,0,0,0,4,7,0,0,10,0,17,0,2,9
174,Bronze Redwood Arrows,0,0,0,0,0,0,4,8,0,0,10,0,17,0,2,10
175,Bronze Baobab Arrows,0,0,0,0,0,0,5,9,0,0,10,0,17,0,2,11
176,Iron Oak Arrows,0,0,0,0,0,0,1,5,0,0,20,0,27,0,2,5
177,Iron Willow Arrows,0,0,0,0,0,0,2,5,0,0,20,0,27,0,2,6
178,Iron Yellowwood Arrows,0,0,0,0,0,0,2,6,0,0,20,0,27,0,2,7
179,Iron Psywood Arrows,0,0,0,0,0,0,1,9,0,0,20,0,27,0,2,8
180,Iron Acacia Arrows,0,0,0,0,0,0,3,7,0,0,20,0,27,0,2,9
181,Iron Weerwood Arrows,0,0,0,0,0,0,3,8,0,0,20,0,27,0,2,10
182,Iron Redwood Arrows,0,0,0,0,0,0,4,9,0,0,20,0,27,0,2,11
183,Iron Baobab Arrows,0,0,0,0,0,0,5,10,0,0,20,0,27,0,2,12
184,Steel Willow Arrows,0,0,0,0,0,0,2,6,0,0,30,0,37,0,2,7
185,Steel Yellowwood Arrows,0,0,0,0,0,0,3,7,0,0,30,0,37,0,2,8
186,Steel Psywood Arrows,0,0,0,0,0,0,2,10,0,0,30,0,37,0,2,9
187,Steel Acacia Arrows,0,0,0,0,0,0,4,8,0,0,30,0,37,0,2,10
188,Steel Weerwood Arrows,0,0,0,0,0,0,4,9,0,0,30,0,37,0,2,11
189,Steel Redwood Arrows,0,0,0,0,0,0,5,10,0,0,30,0,37,0,2,12
190,Steel Baobab Arrows,0,0,0,0,0,0,6,11,0,0,30,0,37,0,2,13
191,Psywood Yellowwood Arrows,0,0,0,0,0,0,4,8,0,0,40,0,47,0,2,9
192,Psywood Arrows,0,0,0,0,0,0,3,11,0,0,40,0,47,0,2,10
193,Psywood Acacia Arrows,0,0,0,0,0,0,5,9,0,0,40,0,47,0,2,11
194,Psywood Weerwood Arrows,0,0,0,0,0,0,5,10,0,0,40,0,47,0,2,12
195,Psywood Redwood Arrows,0,0,0,0,0,0,6,11,0,0,40,0,47,0,2,13
196,Psywood Baobab Arrows,0,0,0,0,0,0,7,12,0,0,40,0,47,0,2,14
197,E. Copper Psywood Arrows,0,0,0,0,0,0,6,21,0,0,50,0,57,0,2,11
198,E. Copper Acacia Arrows,0,0,0,0,0,0,12,17,0,0,50,0,57,0,2,12
199,E. Copper Weerwood Arrows,0,0,0,0,0,0,13,18,0,0,50,0,57,0,2,13
200,E. Copper Redwood Arrows,0,0,0,0,0,0,14,19,0,0,50,0,57,0,2,14
201,E. Copper Baobab Arrows,0,0,0,0,0,0,15,20,0,0,50,0,57,0,3,15
202,E. Gold Acacia Arrows,0,0,0,0,0,0,13,18,0,0,65,0,67,0,2,13
203,E. Gold Weerwood Arrows,0,0,0,0,0,0,14,19,0,0,65,0,67,0,2,14
204,E. Gold Redwood Arrows,0,0,0,0,0,0,15,20,0,0,65,0,67,0,3,15
205,E. Gold Baobab Arrows,0,0,0,0,0,0,16,21,0,0,65,0,67,0,3,16
206,Damascus Weerwood Arrows,0,0,0,0,0,0,15,20,0,0,75,0,84,0,3,17
207,Damascus Redwood Arrows,0,0,0,0,0,0,16,21,0,0,75,0,84,0,3,18
208,Damascus Baobab Arrows,0,0,0,0,0,0,17,22,0,0,75,0,84,0,3,19
209,Copper Bolts,0,0,0,0,0,0,0,2,0,0,45,0,15,0,1,2
210,Bronze Bolts,0,0,0,0,0,0,0,4,0,0,47,0,25,0,2,5
211,Iron Bolts,0,0,0,0,0,0,0,6,0,0,49,0,35,0,2,10
212,Steel Bolts,0,0,0,0,0,0,2,8,0,0,51,0,45,0,2,12
213,Psywood Bolts,0,0,0,0,0,0,4,10,0,0,53,0,55,0,2,14
214,E. Copper Bolts,0,0,0,0,0,0,6,12,0,0,55,0,65,0,3,16
215,E. Gold Bolts,0,0,0,0,0,0,8,14,0,0,57,0,75,0,3,18
216,Damascus Bolts,0,0,0,0,0,0,10,16,0,0,59,0,85,0,3,20
217,Steel Crossbow,0,0,0,0,0,0,19,26,6,7,45,0,41,0,8,75
218,Steel Pistol,0,0,0,0,0,0,0,7,2,8,60,0,61,0,9,75
219,Steel Rifle,0,0,0,0,0,0,4,16,3,9,72,0,81,0,16,150
220,Psywood Crossbow,0,0,0,0,0,0,24,33,6,7,50,0,44,0,16,150
221,Psywood Pistol,0,0,0,0,0,0,0,9,2,8,62,0,65,0,41,400
222,Psywood Rifle,0,0,0,0,0,0,8,20,3,9,74,0,85,0,51,500
223,E. Copper Crossbow,0,0,0,0,0,0,30,42,6,7,55,0,49,0,251,2500
224,E. Copper Pistol,0,0,0,0,0,0,1,11,2,8,64,0,69,0,91,900
225,E. Copper Rifle,0,0,0,0,0,0,12,24,3,9,76,0,89,0,101,1000
226,E. Gold Crossbow,0,0,0,0,0,0,38,54,6,7,60,0,53,0,651,6500
227,E. Gold Pistol,0,0,0,0,0,0,3,13,2,8,66,0,73,0,151,1500
228,E. Gold Rifle,0,0,0,0,0,0,16,28,3,9,78,0,95,0,201,2000
229,Damascus Crossbow,0,0,0,0,0,0,45,60,6,7,65,0,57,0,2001,20000
230,Damascus Pistol,0,0,0,0,0,0,5,15,2,8,68,0,77,0,501,5000
231,Damascus Rifle,0,0,0,0,0,0,20,32,3,9,80,0,99,0,1001,10000
232,Slingshot,0,0,0,0,0,0,1,2,5,5,1,0,0,0,2,10
233,Pebbles,0,0,0,0,0,0,0,1,0,0,1,0,0,0,1,1
234,Leather Gloves,0,2,0,0,0,0,0,0,0,0,1,0,0,0,1,1
235,Leather Boots,0,2,0,0,0,0,0,0,0,0,1,0,0,0,1,2
236,Leather Top,0,6,2,-1,0,-1,0,0,0,0,1,0,0,0,2,5
237,Leather Pants,0,4,2,-1,0,-1,0,0,0,0,1,0,0,0,1,3
238,Leather Hood,0,4,2,0,0,0,0,0,0,0,1,0,0,0,1,2
239,Bear Hide Gloves,0,6,2,0,0,0,0,0,0,0,15,0,0,0,1,2
240,Bear Hide Boots,0,6,2,0,0,0,0,0,0,0,15,0,0,0,1,2
241,Bear Hide Top,0,10,4,-2,0,-2,0,0,0,0,15,0,0,0,2,10
242,Bear Hide Pants,0,8,4,-2,0,-2,0,0,0,0,15,0,0,0,2,6
243,Bear Hide Hood,0,8,4,0,0,0,0,0,0,0,15,0,0,0,2,6
244,Dragon Hide Gloves,0,10,4,0,0,0,0,0,0,0,30,0,0,0,31,300
245,Dragon Hide Boots,0,10,4,0,0,0,0,0,0,0,30,0,0,0,31,300
246,Dragon Hide Top,0,14,6,-3,0,-3,0,0,0,0,30,0,0,0,51,500
247,Dragon Hide Pants,0,12,6,-3,0,-3,0,0,0,0,30,0,0,0,41,400
248,Dragon Hide Hood,0,12,6,0,0,0,0,0,0,0,30,0,0,0,31,300
249,Unicorn Leather Gloves,0,21,9,0,1,0,0,0,0,0,45,0,0,0,51,500
250,Unicorn Leather Boots,0,21,9,0,1,0,0,0,0,0,45,0,0,0,51,500
251,Unicorn Leather Top,0,27,15,-4,1,-4,0,0,0,0,45,0,0,0,101,1000
252,Unicorn Leather Pants,0,24,12,-4,1,-4,0,0,0,0,45,0,0,0,81,800
253,Unicorn Leather Hood,0,24,12,0,1,0,0,0,0,0,45,0,0,0,51,500
254,Honey Badger Hide Gloves,0,40,20,0,2,0,0,0,0,0,60,0,0,0,501,5000
255,Honey Badger Hide Boots,0,40,20,0,2,0,0,0,0,0,60,0,0,0,501,5000
256,Honey Badger Hide Top,0,48,24,-6,2,-6,0,0,0,0,60,0,0,0,1501,15000
257,Honey Badger Hide Pants,0,44,20,-5,2,-5,0,0,0,0,60,0,0,0,1201,12000
258,Honey Badger Hide Hood,0,44,20,0,2,0,0,0,0,0,60,0,0,0,501,5000
259,Copper Gloves,1,0,0,0,0,0,0,0,0,0,1,0,2,0,1,1
260,Copper Boots,1,0,0,0,0,0,0,0,0,0,1,0,1,0,1,1
261,Copper Platebody,3,1,0,0,-1,-1,0,0,0,0,1,0,9,0,2,5
262,Copper Chainbody,2,1,0,0,-1,-1,0,0,0,0,1,0,6,0,1,4
263,Copper Platelegs,2,1,0,0,-1,-1,0,0,0,0,1,0,8,0,1,3
264,Copper Plateskirt,2,1,0,0,-1,-1,0,0,0,0,1,0,8,0,1,3
265,Copper Helmet,2,1,0,0,0,0,0,0,0,0,1,0,5,0,1,2
266,Copper Kiteshield,3,2,0,0,-1,-1,0,0,0,0,1,0,3,0,1,3
267,Copper Buckler,2,1,0,0,0,-1,0,0,0,0,1,0,4,0,1,2
268,Bronze Gloves,2,1,0,0,0,0,0,0,0,0,5,0,11,0,1,2
269,Bronze Boots,2,1,0,0,0,0,0,0,0,0,5,0,10,0,1,2
270,Bronze Platebody,4,2,0,0,-2,-2,0,0,0,0,5,0,19,0,2,10
271,Bronze Chainbody,3,1,0,0,-1,-1,0,0,0,0,5,0,15,0,2,8
272,Bronze Platelegs,3,1,0,0,-1,-1,0,0,0,0,5,0,18,0,2,6
273,Bronze Plateskirt,3,1,0,0,-1,-1,0,0,0,0,5,0,17,0,2,6
274,Bronze Helmet,3,1,0,0,0,0,0,0,0,0,5,0,14,0,1,4
275,Bronze Kiteshield,4,2,0,0,-1,-1,0,0,0,0,5,0,12,0,2,6
276,Bronze Buckler,3,1,0,0,0,-1,0,0,0,0,5,0,13,0,1,4
277,Iron Gloves,3,1,0,0,0,0,0,0,0,0,10,0,21,0,2,5
278,Iron Boots,3,1,0,0,0,0,0,0,0,0,10,0,20,0,2,5
279,Iron Platebody,5,2,0,0,-2,-2,0,0,0,0,10,0,29,0,4,25
280,Iron Chainbody,4,2,0,0,-2,-2,0,0,0,0,10,0,25,0,3,20
281,Iron Platelegs,4,2,0,0,-2,-2,0,0,0,0,10,0,28,0,3,15
282,Iron Plateskirt,4,2,0,0,-2,-2,0,0,0,0,10,0,27,0,3,15
283,Iron Helmet,4,2,0,0,0,0,0,0,0,0,10,0,24,0,2,10
284,Iron Kiteshield,5,3,0,0,-2,-2,0,0,0,0,10,0,22,0,3,15
285,Iron Buckler,4,2,0,0,0,-2,0,0,0,0,10,0,23,0,2,10
286,Steel Gloves,4,2,0,0,0,0,0,0,0,0,20,0,31,0,3,15
287,Steel Boots,4,2,0,0,0,0,0,0,0,0,20,0,30,0,3,15
288,Steel Platebody,6,3,0,0,-3,-3,0,0,0,0,20,0,39,0,9,75
289,Steel Chainbody,5,2,0,0,-2,-2,0,0,0,0,20,0,35,0,7,60
290,Steel Platelegs,5,2,0,0,-2,-2,0,0,0,0,20,0,38,0,6,45
291,Steel Plateskirt,5,2,0,0,-2,-2,0,0,0,0,20,0,37,0,6,45
292,Steel Helmet,5,2,0,0,0,0,0,0,0,0,20,0,34,0,4,30
293,Steel Kiteshield,6,4,0,0,-2,-2,0,0,0,0,20,0,32,0,6,45
294,Steel Buckler,5,2,0,0,0,-2,0,0,0,0,20,0,33,0,4,30
295,Psywood Gloves,5,2,0,0,0,0,0,0,0,0,30,0,41,0,11,100
296,Psywood Boots,5,2,0,0,0,0,0,0,0,0,30,0,40,0,11,100
297,Psywood Platebody,7,3,0,0,-4,-4,0,0,0,0,30,0,49,0,51,500
298,Psywood Chainbody,6,3,0,0,-3,-3,0,0,0,0,30,0,45,0,41,400
299,Psywood Platelegs,6,3,0,0,-3,-3,0,0,0,0,30,0,48,0,31,300
300,Psywood Plateskirt,6,3,0,0,-3,-3,0,0,0,0,30,0,47,0,31,300
301,Psywood Helmet,6,3,0,0,0,0,0,0,0,0,30,0,44,0,21,200
302,Psywood Kiteshield,8,5,0,0,-3,-3,0,0,0,0,30,0,42,0,31,300
303,Psywood Buckler,6,3,0,0,0,-3,0,0,0,0,30,0,43,0,21,200
304,E. Copper Gloves,7,3,0,0,0,0,0,0,0,0,40,0,51,0,26,250
305,E. Copper Boots,7,3,0,0,0,0,0,0,0,0,40,0,50,0,26,250
306,E. Copper Platebody,9,4,0,0,-4,-4,0,0,0,0,40,0,59,0,126,1250
307,E. Copper Chainbody,8,4,0,0,-4,-4,0,0,0,0,40,0,55,0,101,1000
308,E. Copper Platelegs,8,4,0,0,-4,-4,0,0,0,0,40,0,58,0,76,750
309,E. Copper Plateskirt,8,4,0,0,-4,-4,0,0,0,0,40,0,57,0,76,750
310,E. Copper Helmet,8,4,0,0,0,0,0,0,0,0,40,0,54,0,51,500
311,E. Copper Kiteshield,10,6,0,0,-4,-4,0,0,0,0,40,0,52,0,76,750
312,E. Copper Buckler,8,4,0,0,0,-4,0,0,0,0,40,0,53,0,51,500
313,E. Gold Gloves,16,8,0,1,0,0,0,0,0,0,50,0,61,0,101,1000
314,E. Gold Boots,18,8,0,1,0,0,0,0,0,0,50,0,60,0,101,1000
315,E. Gold Platebody,26,14,0,2,-5,-5,0,0,0,0,50,0,69,0,501,5000
316,E. Gold Chainbody,18,8,0,1,-4,-4,0,0,0,0,50,0,65,0,401,4000
317,E. Gold Platelegs,18,8,0,1,-4,-4,0,0,0,0,50,0,68,0,301,3000
318,E. Gold Plateskirt,18,8,0,1,-4,-4,0,0,0,0,50,0,67,0,301,3000
319,E. Gold Helmet,18,8,0,1,0,0,0,0,0,0,50,0,64,0,201,2000
320,E. Gold Kiteshield,22,12,0,2,-4,-4,0,0,0,0,50,0,62,0,301,3000
321,E. Gold Buckler,18,8,0,1,1,-4,0,0,0,0,50,0,63,0,201,2000
322,Damascus Gloves,30,15,0,2,0,0,0,0,0,0,60,0,72,0,1001,10000
323,Damascus Boots,30,15,0,2,0,0,0,0,0,0,60,0,70,0,1001,10000
324,Damascus Platebody,45,26,0,4,-6,-6,0,0,0,0,60,0,94,0,5001,50000
325,Damascus Chainbody,33,15,0,2,-5,-5,0,0,0,0,60,0,80,0,4001,40000
326,Damascus Platelegs,33,15,0,2,-5,-5,0,0,0,0,60,0,90,0,3001,30000
327,Damascus Plateskirt,33,15,0,2,-5,-5,0,0,0,0,60,0,88,0,3001,30000
328,Damascus Helmet,33,15,0,2,0,0,0,0,0,0,60,0,78,0,2001,20000
329,Damascus Kiteshield,38,20,0,4,-5,-5,0,0,0,0,60,0,74,0,3001,30000
330,Damascus Buckler,33,15,0,2,2,-5,0,0,0,0,60,0,76,0,2001,20000
331,Copper Leather Gloves,0,0,2,0,0,0,0,0,0,0,1,0,0,0,1,3
332,Copper Leather Boots,0,0,2,0,0,0,0,0,0,0,1,0,0,0,2,6
333,Copper Leather Robe Top,2,0,6,-1,-1,0,0,0,0,0,1,0,0,0,3,15
334,Copper Leather Robe Bottom,2,0,4,-1,-1,0,0,0,0,0,1,0,0,0,2,12
335,Copper Leather Hat,2,0,4,0,0,0,0,0,0,0,1,0,0,0,2,9
336,Bronze Bear Gloves,2,0,4,0,0,0,0,0,0,0,15,0,0,0,2,10
337,Bronze Bear Boots,2,0,4,0,0,0,0,0,0,0,15,0,0,0,3,20
338,Bronze Bear Robe Top,4,0,8,-2,-2,0,0,0,0,0,15,0,0,0,6,50
339,Bronze Bear Robe Bottom,2,0,6,-1,-1,0,0,0,0,0,15,0,0,0,5,40
340,Bronze Bear Hat,2,0,6,0,0,0,0,0,0,0,15,0,0,0,4,30
341,Iron Dragon Gloves,2,0,6,0,0,0,0,0,0,0,30,0,0,0,4,25
342,Iron Dragon Boots,2,0,6,0,0,0,0,0,0,0,30,0,0,0,6,50
343,Iron Dragon Robe Top,4,0,10,-2,-2,0,0,0,0,0,30,0,0,0,14,125
344,Iron Dragon Robe Bottom,4,0,8,-2,-2,0,0,0,0,0,30,0,0,0,11,100
345,Iron Dragon Hat,4,0,8,0,0,0,0,0,0,0,30,0,0,0,9,75
346,Steel Unicorn Gloves,6,0,12,0,0,1,0,0,0,0,45,0,0,0,11,100
347,Steel Unicorn Boots,6,0,12,0,0,1,0,0,0,0,45,0,0,0,21,200
348,Steel Unicorn Robe Top,9,0,18,-3,-3,1,0,0,0,0,45,0,0,0,51,500
349,Steel Unicorn Robe Bottom,7,0,15,-2,-2,1,0,0,0,0,45,0,0,0,41,400
350,Steel Unicorn Hat,6,0,15,0,0,1,0,0,0,0,45,0,0,0,31,300
351,Psywood Honey Badger Gloves,8,0,20,0,0,2,0,0,0,0,60,0,0,0,101,1000
352,Psywood Honey Badger Boots,8,0,20,0,0,2,0,0,0,0,60,0,0,0,201,2000
353,Psywood Honey Badger Robe Top,12,0,28,-4,-4,2,0,0,0,0,60,0,0,0,501,5000
354,Psywood Honey Badger Robe Bottom,12,0,24,-3,-3,2,0,0,0,0,60,0,0,0,401,4000
355,Psywood Honey Badger Hat,12,0,24,0,0,2,0,0,0,0,60,0,0,0,301,3000
356,Copper Ore,0,0,0,0,0,0,0,0,0,0,0,0,0,0,1,1
357,Tin Ore,0,0,0,0,0,0,0,0,0,0,0,0,0,0,1,3
358,Iron Ore,0,0,0,0,0,0,0,0,0,0,0,0,0,0,2,5
359,Coal Ore,0,0,0,0,0,0,0,0,0,0,0,0,0,0,2,10
360,Gold Ore,0,0,0,0,0,0,0,0,0,0,0,0,0,0,14,200
361,Damascus Ore,0,0,0,0,0,0,0,0,0,0,0,0,0,0,96,950
362,Uranium Ore,0,0,0,0,0,0,0,0,0,0,0,0,0,0,151,1500
363,Silver Ore,0,0,0,0,0,0,0,0,0,0,0,0,0,0,31,50
364,Clay,0,0,0,0,0,0,0,0,0,0,0,0,0,0,6,45
365,Enchanted Ice,0,0,0,0,0,0,0,0,0,0,0,0,0,0,18,165
366,Copper Bar,0,0,0,0,0,0,0,0,0,0,0,0,1,0,1,2
367,Iron Bar,0,0,0,0,0,0,0,0,0,0,0,0,20,0,2,10
368,Steel Bar,0,0,0,0,0,0,0,0,0,0,0,0,30,0,4,30
369,Gold Bar,0,0,0,0,0,0,0,0,0,0,0,0,55,0,26,250
370,Bronze Bar,0,0,0,0,0,0,0,0,0,0,0,0,10,0,2,8
371,E. Copper Bar,0,0,0,0,0,0,0,0,0,0,0,0,50,0,16,150
372,E. Gold Bar,0,0,0,0,0,0,0,0,0,0,0,0,60,0,121,1200
373,Damascus Bar,0,0,0,0,0,0,0,0,0,0,0,0,70,0,191,1900
374,Deadwood Logs,0,0,0,0,0,0,0,0,0,0,0,0,1,0,1,1
375,Pine Logs,0,0,0,0,0,0,0,0,0,0,0,0,10,0,3,15
376,Oak Logs,0,0,0,0,0,0,0,0,0,0,0,0,20,0,5,35
377,Willow Logs,0,0,0,0,0,0,0,0,0,0,0,0,30,0,6,50
378,Yellowwood Logs,0,0,0,0,0,0,0,0,0,0,0,0,40,0,11,100
379,Psywood Logs,0,0,0,0,0,0,0,0,0,0,0,0,50,0,21,200
380,Acacia Logs,0,0,0,0,0,0,0,0,0,0,0,0,60,0,26,250
381,Weerwood Logs,0,0,0,0,0,0,0,0,0,0,0,0,70,0,41,400
382,Redwood Logs,0,0,0,0,0,0,0,0,0,0,0,0,80,0,46,450
383,Baobab Logs,0,0,0,0,0,0,0,0,0,0,0,0,90,0,51,500
384,Raw Guppie,0,0,0,0,0,0,0,0,0,0,0,0,0,0,1,1
385,Raw Salmon,0,0,0,0,0,0,0,0,0,0,0,0,0,0,2,5
386,Raw Tuna,0,0,0,0,0,0,0,0,0,0,0,0,0,0,4,45
387,Raw Oyster,0,0,0,0,0,0,0,0,0,0,0,0,0,0,4,25
388,Raw Lobster,0,0,0,0,0,0,0,0,0,0,0,0,0,0,6,45
389,Raw Crab,0,0,0,0,0,0,0,0,0,0,0,0,0,0,9,75
390,Raw Barracuda,0,0,0,0,0,0,0,0,0,0,0,0,0,0,12,105
391,Raw Tigerfish,0,0,0,0,0,0,0,0,0,0,0,0,0,0,15,135
392,Raw Sturgeon,0,0,0,0,0,0,0,0,0,0,0,0,0,0,18,165
393,Raw Giant Squid,0,0,0,0,0,0,0,0,0,0,0,0,0,0,21,200
394,Guppie,0,0,0,0,0,0,0,0,0,0,0,0,1,1,1,6
395,Salmon,0,0,0,0,0,0,0,0,0,0,0,0,5,3,3,15
396,Tuna,0,0,0,0,0,0,0,0,0,0,0,0,15,6,8,90
397,Oyster,0,0,0,0,0,0,0,0,0,0,0,0,25,6,9,75
398,Lobster,0,0,0,0,0,0,0,0,0,0,0,0,35,12,15,135
399,Crab,0,0,0,0,0,0,0,0,0,0,0,0,45,15,24,225
400,Barracuda,0,0,0,0,0,0,0,0,0,0,0,0,55,18,33,315
401,Tigerfish,0,0,0,0,0,0,0,0,0,0,0,0,65,20,42,405
402,Sturgeon,0,0,0,0,0,0,0,0,0,0,0,0,75,23,51,495
403,Giant Squid,0,0,0,0,0,0,0,0,0,0,0,0,85,24,61,600
404,Raw Tortoise,0,0,0,0,0,0,0,0,0,0,0,0,0,0,1,1
405,Raw Bear,0,0,0,0,0,0,0,0,0,0,0,0,0,0,1,3
406,Raw Pork,0,0,0,0,0,0,0,0,0,0,0,0,0,0,2,5
407,Raw Lamb,0,0,0,0,0,0,0,0,0,0,0,0,0,0,3,15
408,Raw Beef,0,0,0,0,0,0,0,0,0,0,0,0,0,0,4,25
409,Raw Chicken,0,0,0,0,0,0,0,0,0,0,0,0,0,0,6,45
410,Raw Dragon,0,0,0,0,0,0,0,0,0,0,0,0,0,0,11,95
411,Raw Chucken,0,0,0,0,0,0,0,0,0,0,0,0,0,0,6,45
412,Raw Moose,0,0,0,0,0,0,0,0,0,0,0,0,0,0,7,55
413,Raw Unicorn,0,0,0,0,0,0,0,0,0,0,0,0,0,0,12,105
414,Tortoise Meat,0,0,0,0,0,0,0,0,0,0,0,0,4,4,1,3
415,Bear Meat,0,0,0,0,0,0,0,0,0,0,0,0,4,4,2,9
416,Pork,0,0,0,0,0,0,0,0,0,0,0,0,4,4,3,15
417,Lamb,0,0,0,0,0,0,0,0,0,0,0,0,4,4,6,45
418,Beef,0,0,0,0,0,0,0,0,0,0,0,0,4,4,9,75
419,Chicken,0,0,0,0,0,0,0,0,0,0,0,0,4,4,15,135
420,Dragon Meat,0,0,0,0,0,0,0,0,0,0,0,0,67,16,30,285
421,Chucken,0,0,0,0,0,0,0,0,0,0,0,0,4,4,15,135
422,Moose,0,0,0,0,0,0,0,0,0,0,0,0,4,4,18,165
423,Unicorn,0,0,0,0,0,0,0,0,0,0,0,0,4,8,33,315
424,Roast Tortoise,0,0,0,0,0,0,0,0,0,0,0,0,49,11,2,6
425,Roast Bear,0,0,0,0,0,0,0,0,0,0,0,0,49,11,3,18
426,Roast Pork,0,0,0,0,0,0,0,0,0,0,0,0,49,11,4,30
427,Roast Lamb,0,0,0,0,0,0,0,0,0,0,0,0,49,11,10,90
428,Roast Beef,0,0,0,0,0,0,0,0,0,0,0,0,49,11,16,150
429,Roast Moose,0,0,0,0,0,0,0,0,0,0,0,0,49,11,34,330
430,Roast Unicorn,0,0,0,0,0,0,0,0,0,0,0,0,49,14,63,620
431,Roast Dragon,0,0,0,0,0,0,0,0,0,0,0,0,100,14,121,1200
432,Tortoise Soup,0,0,0,0,0,0,0,0,0,0,0,0,24,8,2,6
433,Tortoise Curry,0,0,0,0,0,0,0,0,0,0,0,0,45,13,2,6
434,Bear Soup,0,0,0,0,0,0,0,0,0,0,0,0,24,8,3,18
435,Bear Curry,0,0,0,0,0,0,0,0,0,0,0,0,45,13,3,18
436,Pork Soup,0,0,0,0,0,0,0,0,0,0,0,0,24,8,4,30
437,Pork Curry,0,0,0,0,0,0,0,0,0,0,0,0,45,13,4,30
438,Lamb Soup,0,0,0,0,0,0,0,0,0,0,0,0,24,8,10,90
439,Lamb Curry,0,0,0,0,0,0,0,0,0,0,0,0,45,13,10,90
440,Beef Soup,0,0,0,0,0,0,0,0,0,0,0,0,24,8,16,150
441,Beef Curry,0,0,0,0,0,0,0,0,0,0,0,0,45,13,16,150
442,Chicken Soup,0,0,0,0,0,0,0,0,0,0,0,0,24,8,28,270
443,Chicken Curry,0,0,0,0,0,0,0,0,0,0,0,0,45,13,28,270
444,Chucken Soup,0,0,0,0,0,0,0,0,0,0,0,0,24,8,28,270
445,Chucken Curry,0,0,0,0,0,0,0,0,0,0,0,0,45,13,28,270
446,Moose Soup,0,0,0,0,0,0,0,0,0,0,0,0,24,8,34,330
447,Moose Curry,0,0,0,0,0,0,0,0,0,0,0,0,45,13,34,330
448,Unicorn Soup,0,0,0,0,0,0,0,0,0,0,0,0,24,10,63,620
449,Unicorn Curry,0,0,0,0,0,0,0,0,0,0,0,0,45,15,63,620
450,Dragon Soup,0,0,0,0,0,0,0,0,0,0,0,0,100,10,123,1220
451,Dragon Curry,0,0,0,0,0,0,0,0,0,0,0,0,100,15,123,1220
452,Bucket of Water,0,0,0,0,0,0,0,0,0,0,0,0,0,0,1,1
453,Bowl of Water,0,0,0,0,0,0,0,0,0,0,0,0,0,0,1,1
454,Spices,0,0,0,0,0,0,0,0,0,0,0,0,0,0,3,15
455,Sugar,0,0,0,0,0,0,0,0,0,0,0,0,0,0,2,10
456,Flour,0,0,0,0,0,0,0,0,0,0,0,0,0,0,2,10
457,Wheat,0,0,0,0,0,0,0,0,0,0,0,0,0,0,3,20
458,Barley,0,0,0,0,0,0,0,0,0,0,0,0,0,0,4,25
459,Potato,0,0,0,0,0,0,0,0,0,0,0,0,0,0,2,5
460,Onion,0,0,0,0,0,0,0,0,0,0,0,0,0,0,2,5
461,Lettuce,0,0,0,0,0,0,0,0,0,0,0,0,0,0,2,5
462,Avocado,0,0,0,0,0,0,0,0,0,0,0,0,0,0,3,15
463,Tomato,0,0,0,0,0,0,0,0,0,0,0,0,0,3,2,5
464,Cucumber,0,0,0,0,0,0,0,0,0,0,0,0,0,0,2,10
465,Cherries,0,0,0,0,0,0,0,0,0,0,0,0,0,2,4,25
466,Rice,0,0,0,0,0,0,0,0,0,0,0,0,0,6,5,35
467,Eggs,0,0,0,0,0,0,0,0,0,0,0,0,0,0,2,10
468,Milk,0,0,0,0,0,0,0,0,0,0,0,0,0,0,2,5
469,Elemental Berries,0,0,0,0,0,0,0,0,0,0,0,0,0,3,8,65
470,Oil,0,0,0,0,0,0,0,0,0,0,0,0,0,0,3,20
471,Bowl,0,0,0,0,0,0,0,0,0,0,0,0,0,0,1,4
472,Bread,0,0,0,0,0,0,0,0,0,0,0,0,8,3,2,5
473,Mead,0,0,0,0,0,0,0,0,0,0,0,0,16,4,2,10
474,Bear Kebab,0,0,0,0,0,0,0,0,0,0,0,0,36,10,9,75
475,Pizza,0,0,0,0,0,0,0,0,0,0,0,0,41,12,11,95
476,Cherry Pie,0,0,0,0,0,0,0,0,0,0,0,0,53,15,16,145
477,Salmon Sushi,0,0,0,0,0,0,0,0,0,0,0,0,57,16,18,165
478,Tuna Sushi,0,0,0,0,0,0,0,0,0,0,0,0,61,16,21,195
479,Elemental Ale,0,0,0,0,0,0,0,0,0,0,0,0,75,6,25,235
480,Dragon Sushi,0,0,0,0,0,0,0,0,0,0,0,0,84,25,79,777
481,Wasabi Paste,0,0,0,0,0,0,0,0,0,0,0,0,0,0,3,15
482,Potato Seeds,0,0,0,0,0,0,0,0,0,0,0,0,0,0,0,10
483,Onion Seeds,0,0,0,0,0,0,0,0,0,0,0,0,0,0,0,2
484,Lettuce Seeds,0,0,0,0,0,0,0,0,0,0,0,0,0,0,0,2
485,Cucumber Seeds,0,0,0,0,0,0,0,0,0,0,0,0,0,0,0,2
486,Rice Seeds,0,0,0,0,0,0,0,0,0,0,0,0,0,0,0,2
487,Tomato Seeds,0,0,0,0,0,0,0,0,0,0,0,0,0,0,0,2
488,Cherry Seeds,0,0,0,0,0,0,0,0,0,0,0,0,0,0,0,2
489,Avocado Seeds,0,0,0,0,0,0,0,0,0,0,0,0,0,0,0,2
490,Wasabi Plant Starts,0,0,0,0,0,0,0,0,0,0,0,0,0,0,16,150
491,Oak Sapling,0,0,0,0,0,0,0,0,0,0,0,0,5,0,6,50
492,Willow Sapling,0,0,0,0,0,0,0,0,0,0,0,0,25,0,16,150
493,Psychic Sapling,0,0,0,0,0,0,0,0,0,0,0,0,45,0,26,250
494,Acacia Sapling,0,0,0,0,0,0,0,0,0,0,0,0,65,0,36,350
495,Weerwood Sapling,0,0,0,0,0,0,0,0,0,0,0,0,85,0,46,450
496,Oak Seed,0,0,0,0,0,0,0,0,0,0,0,0,0,0,1,1
497,Willow Seed,0,0,0,0,0,0,0,0,0,0,0,0,0,0,1,2
498,Psywood Seed,0,0,0,0,0,0,0,0,0,0,0,0,0,0,1,2
499,Acacia Seed,0,0,0,0,0,0,0,0,0,0,0,0,0,0,2,5
500,Weerwood Seed,0,0,0,0,0,0,0,0,0,0,0,0,0,0,3,15
501,Health Potion,0,0,0,0,0,0,0,0,0,0,0,0,1,0,3,15
502,Melee Potion,0,0,0,0,0,0,0,0,0,0,0,0,5,0,4,25
503,Ranging Potion,0,0,0,0,0,0,0,0,0,0,0,0,10,0,5,35
504,Psychic Potion,0,0,0,0,0,0,0,0,0,0,0,0,15,0,6,45
505,Stamina Potion,0,0,0,0,0,0,0,0,0,0,0,0,20,0,7,55
506,Defence Potion,0,0,0,0,0,0,0,0,0,0,0,0,25,0,8,65
507,Accuracy Potion,0,0,0,0,0,0,0,0,0,0,0,0,30,0,9,75
508,Destruction Potion,0,0,0,0,0,0,0,0,0,0,0,0,35,0,10,85
509,Large Health Potion,0,0,0,0,0,0,0,0,0,0,0,0,40,0,9,75
510,Large Melee Potion,0,0,0,0,0,0,0,0,0,0,0,0,45,0,14,125
511,Large Ranging Potion,0,0,0,0,0,0,0,0,0,0,0,0,50,0,19,175
512,Large Psychic Potion,0,0,0,0,0,0,0,0,0,0,0,0,55,0,24,225
513,Large Stamina Potion,0,0,0,0,0,0,0,0,0,0,0,0,60,0,29,275
514,Large Defence Potion,0,0,0,0,0,0,0,0,0,0,0,0,70,0,51,500
515,Large Accuracy Potion,0,0,0,0,0,0,0,0,0,0,0,0,80,0,61,600
516,Large Destruction Potion,0,0,0,0,0,0,0,0,0,0,0,0,85,0,76,750
517,Copper Pickaxe,0,0,0,0,0,0,0,0,5,0,1,1,0,0,1,1
518,Bronze Pickaxe,0,0,0,0,0,0,0,0,5,0,10,10,0,0,2,5
519,Iron Pickaxe,0,0,0,0,0,0,0,0,5,0,20,20,0,0,3,15
520,Steel Pickaxe,0,0,0,0,0,0,0,0,5,0,30,30,0,0,6,50
521,Psywood Pickaxe,0,0,0,0,0,0,0,0,5,0,40,40,0,0,16,150
522,E. Copper Pickaxe,0,0,0,0,0,0,0,0,5,0,50,50,0,0,46,450
523,E. Gold Pickaxe,0,0,0,0,0,0,0,0,5,0,60,60,0,0,251,2500
524,Damascus Pickaxe,0,0,0,0,0,0,0,0,5,0,70,70,0,0,2501,25000
525,Matchbox,0,0,0,0,0,0,0,0,0,0,0,0,0,0,1,1
526,Bucket,0,0,0,0,0,0,0,0,0,0,0,0,0,0,1,3
527,Mug,0,0,0,0,0,0,0,0,0,0,0,0,0,0,1,1
528,Vial,0,0,0,0,0,0,0,0,0,0,0,0,0,0,1,2
529,Seed Dibber,0,0,0,0,0,0,0,0,0,0,0,0,0,0,1,1
530,Spade,0,0,0,0,0,0,0,0,5,0,0,0,1,0,2,5
531,Compost,0,0,0,0,0,0,0,0,0,0,0,0,0,0,4,30
532,String,0,0,0,0,0,0,0,0,0,0,0,0,0,0,2,8
533,Dragon's Eye,0,0,0,0,0,0,0,0,0,0,0,0,0,0,16,150
534,Tortoise Shell,0,0,0,0,0,0,0,0,0,0,0,0,0,0,2,5
535,Feather,0,0,0,0,0,0,0,0,0,0,0,0,0,0,1,1
536,Psy Vial,0,0,0,0,0,0,0,0,0,0,0,0,0,0,26,250
537,Vial of Water,0,0,0,0,0,0,0,0,0,0,0,0,0,0,1,1
538,Psy Vial of Water,0,0,0,0,0,0,0,0,0,0,0,0,0,0,1,1
539,Copper Arrowheads,0,0,0,0,0,0,0,0,0,0,0,0,7,0,1,1
540,Bronze Arrowheads,0,0,0,0,0,0,0,0,0,0,0,0,16,0,2,2
541,Iron Arrowheads,0,0,0,0,0,0,0,0,0,0,0,0,26,0,3,3
542,Steel Arrowheads,0,0,0,0,0,0,0,0,0,0,0,0,36,0,5,5
543,Psywood Arrowheads,0,0,0,0,0,0,0,0,0,0,0,0,46,0,15,15
544,E. Copper Arrowheads,0,0,0,0,0,0,0,0,0,0,0,0,56,0,45,45
545,E. Gold Arrowheads,0,0,0,0,0,0,0,0,0,0,0,0,66,0,250,250
546,Damascus Arrowheads,0,0,0,0,0,0,0,0,0,0,0,0,84,0,1000,1000
547,Lesser Actuator,0,0,0,0,0,0,0,0,0,0,0,0,15,0,1,1
548,Greater Actuator,0,0,0,0,0,0,0,0,0,0,0,0,60,0,1,1
549,Healing Actuator,0,0,0,0,0,0,0,0,0,0,0,0,30,0,1,1
550,Combat Actuator,0,0,0,0,0,0,0,0,0,0,0,0,95,0,1,1
551,Binding Actuator,0,0,0,0,0,0,0,0,0,0,0,0,45,0,1,1
552,Teleport Actuator,0,0,0,0,0,0,0,0,0,0,0,0,75,0,1,1
553,Bowstring,0,0,0,0,0,0,0,0,0,0,0,0,0,0,1,4
554,Psywood Bar,0,0,0,0,0,0,0,0,0,0,0,0,40,0,6,50
555,Bait,0,0,0,0,0,0,0,0,0,0,0,0,0,0,0,0
556,Fishing Rod,0,0,0,0,0,0,0,0,5,0,0,0,1,0,1,1
557,Wheat Seeds,0,0,0,0,0,0,0,0,0,0,0,0,0,0,0,2
558,Adrenal Gland,0,0,0,0,0,0,0,0,0,0,0,0,0,0,5,40
559,Gunpowder,0,0,0,0,0,0,0,0,0,0,0,0,0,0,26,250
560,Liquid Nitrogen,0,0,0,0,0,0,0,0,0,0,0,0,38,0,41,400
561,Napalm,0,0,0,0,0,0,0,0,0,0,0,0,48,0,31,300
562,Dragon Gas,0,0,0,0,0,0,0,0,0,0,0,0,0,0,9,100
563,Unicorn Blood,0,0,0,0,0,0,0,0,0,0,0,0,0,0,76,750
564,Empty Plasma Bottle,0,0,0,0,0,0,0,0,0,0,0,0,0,0,1,5
565,Green Dragon Plasma,0,0,0,0,0,0,0,0,0,0,0,0,0,0,1,5
566,Blue Dragon Plasma,0,0,0,0,0,0,0,0,0,0,0,0,0,0,6,50
567,Black Dragon Plasma,0,0,0,0,0,0,0,0,0,0,0,0,0,0,11,100
568,Copper Dragon Plasma,0,0,0,0,0,0,0,0,0,0,0,0,0,0,15,145
569,Gold Dragon Plasma,0,0,0,0,0,0,0,0,0,0,0,0,0,0,51,500
570,Damascus Dragon Plasma,0,0,0,0,0,0,0,0,0,0,0,0,0,0,66,650
571,Copper Throwing Knife,0,0,0,0,0,0,1,2,2,4,1,0,10,0,2,5
572,Bronze Throwing Knife,0,0,0,0,0,0,2,3,2,4,10,0,20,0,4,15
573,Iron Throwing Knife,0,0,0,0,0,0,3,5,2,4,20,0,30,0,7,35
574,Steel Throwing Knife,0,0,0,0,0,0,4,6,2,4,30,0,40,0,13,60
575,Psywood Throwing Knife,0,0,0,0,0,0,5,8,2,4,40,0,50,0,66,250
576,E. Copper Throwing Knife,0,0,0,0,0,0,6,10,2,4,50,0,60,0,151,800
577,E. Gold Throwing Knife,0,0,0,0,0,0,8,12,2,4,60,0,70,0,451,2500
578,Damascus Throwing Knife,0,0,0,0,0,0,10,18,2,4,70,0,80,0,2001,20000
579,Blood of Destruction,0,0,0,0,0,0,0,0,0,0,0,0,0,0,0,15
580,Silver Bar,0,0,0,0,0,0,0,0,0,0,0,0,35,0,6,50
581,Beef Kebab,0,0,0,0,0,0,0,0,0,0,0,0,36,10,9,75
582,Lamb Kebab,0,0,0,0,0,0,0,0,0,0,0,0,36,10,9,75
583,Moose Kebab,0,0,0,0,0,0,0,0,0,0,0,0,36,10,9,75
584,Pork Kebab,0,0,0,0,0,0,0,0,0,0,0,0,36,10,9,75
585,Tortoise Kebab,0,0,0,0,0,0,0,0,0,0,0,0,36,10,9,75
586,Unicorn Kebab,0,0,0,0,0,0,0,0,0,0,0,0,36,10,9,75
587,Carving Knife,0,0,0,0,0,0,0,0,0,0,0,0,0,0,1,1
588,Deadwood Arrow Shafts,0,0,0,0,0,0,0,0,0,0,0,0,1,0,0,1
589,Pine Arrow Shafts,0,0,0,0,0,0,0,0,0,0,0,0,10,0,0,1
590,Oak Arrow Shafts,0,0,0,0,0,0,0,0,0,0,0,0,20,0,0,1
591,Willow Arrow Shafts,0,0,0,0,0,0,0,0,0,0,0,0,30,0,0,1
592,Yellowwood Arrow Shafts,0,0,0,0,0,0,0,0,0,0,0,0,40,0,0,1
593,Psywood Arrow Shafts,0,0,0,0,0,0,0,0,0,0,0,0,50,0,0,1
594,Acacia Arrow Shafts,0,0,0,0,0,0,0,0,0,0,0,0,60,0,0,1
595,Weerwood Arrow Shafts,0,0,0,0,0,0,0,0,0,0,0,0,70,0,0,1
596,Redwood Arrow Shafts,0,0,0,0,0,0,0,0,0,0,0,0,80,0,0,1
597,Baobab Arrow Shafts,0,0,0,0,0,0,0,0,0,0,0,0,90,0,0,1
598,Steel Bullets,0,0,0,0,0,0,0,5,0,0,60,0,10,0,1,1
599,Psywood Bullets,0,0,0,0,0,0,0,9,0,0,65,0,30,0,1,1
600,E. Copper Bullets,0,0,0,0,0,0,3,15,0,0,70,0,50,0,1,1
601,E. Gold Bullets,0,0,0,0,0,0,8,18,0,0,75,0,70,0,1,1
602,Damascus Bullets,0,0,0,0,0,0,13,22,0,0,80,0,90,0,1,1
603,Chicken Kebab,0,0,0,0,0,0,0,0,0,0,0,0,36,10,9,75
604,Chucken Kebab,0,0,0,0,0,0,0,0,0,0,0,0,36,10,9,75
605,Cake,0,0,0,0,0,0,0,0,0,0,0,0,12,12,9,75
606,Guildwork Contract,0,0,0,0,0,0,0,0,0,0,0,0,0,0,1,1
607,Damascus Bond,0,0,0,0,0,0,0,0,0,0,0,0,0,0,1,1
608,Fishing Net,0,0,0,0,0,0,0,0,5,1,0,0,1,0,1,1
609,Burnt Meat,0,0,0,0,0,0,0,0,0,0,0,0,0,0,0,1
610,Burnt Barracuda,0,0,0,0,0,0,0,0,0,0,0,0,0,0,0,1
611,Burnt Chicken,0,0,0,0,0,0,0,0,0,0,0,0,0,0,0,1
612,Burnt Crab,0,0,0,0,0,0,0,0,0,0,0,0,0,0,0,1
613,Burnt Egg,0,0,0,0,0,0,0,0,0,0,0,0,0,0,0,1
614,Burnt Giant Squid,0,0,0,0,0,0,0,0,0,0,0,0,0,0,0,1
615,Burnt Guppie,0,0,0,0,0,0,0,0,0,0,0,0,0,0,0,1
616,Burnt Lobster,0,0,0,0,0,0,0,0,0,0,0,0,0,0,0,1
617,Burnt Oyster,0,0,0,0,0,0,0,0,0,0,0,0,0,0,0,1
618,Burnt Roast,0,0,0,0,0,0,0,0,0,0,0,0,0,0,0,1
619,Burnt Salmon,0,0,0,0,0,0,0,0,0,0,0,0,0,0,0,1
620,Burnt Sturgeon,0,0,0,0,0,0,0,0,0,0,0,0,0,0,0,1
621,Burnt Tigerfish,0,0,0,0,0,0,0,0,0,0,0,0,0,0,0,1
622,Burnt Tuna,0,0,0,0,0,0,0,0,0,0,0,0,0,0,0,1
623,Burnt Chucken,0,0,0,0,0,0,0,0,0,0,0,0,0,0,0,1
624,Ash,0,0,0,0,0,0,0,0,0,0,0,0,0,0,0,1
625,Pot of Earth,0,0,0,0,0,0,0,0,0,0,0,0,0,0,1,10
626,Beta Cloak,0,0,0,0,0,0,0,0,0,0,0,0,0,0,1,1
627,Demon Cloak,0,0,0,0,0,0,0,0,0,0,0,0,0,0,1,1
628,Sombrero,0,0,0,0,0,0,0,0,0,0,0,0,0,0,1,1
629,Top Hat,0,0,0,0,0,0,0,0,0,0,0,0,0,0,1,1
630,Bandana,0,0,0,0,0,0,0,0,0,0,0,0,0,0,1,1
631,Jester Hat,0,0,0,0,0,0,0,0,0,0,0,0,0,0,1,1
632,Ninja Mask,0,0,0,0,0,0,0,0,0,0,0,0,0,0,1,1
633,Demon Hat,0,0,0,0,0,0,0,0,0,0,0,0,0,0,1,1
634,MDGA Cap,0,0,0,0,0,0,0,0,0,0,0,0,0,0,1,1
635,Big River Mask,0,0,0,0,0,0,0,0,0,0,0,0,0,0,1,1
636,Burning Burden E. Stone,0,0,0,0,0,0,0,0,0,0,0,0,75,0,1,1
637,Smuggler's Den E. Stone,0,0,0,0,0,0,0,0,0,0,0,0,25,0,1,1
638,Dominia E. Stone,0,0,0,0,0,0,0,0,0,0,0,0,55,0,1,1
639,Three River Fort E. Stone,0,0,0,0,0,0,0,0,0,0,0,0,15,0,1,1
640,Mt. Greeff E. Stone,0,0,0,0,0,0,0,0,0,0,0,0,45,0,1,1
641,Icewyntale E. Stone,0,0,0,0,0,0,0,0,0,0,0,0,85,0,1,1
642,Rogue's Rest E. Stone,0,0,0,0,0,0,0,0,0,0,0,0,65,0,1,1
643,Split City E. Stone,0,0,0,0,0,0,0,0,0,0,0,0,35,0,1,1
644,Melee Skill Orb (g),0,0,0,0,0,0,0,0,0,0,0,0,0,0,1,1
645,Accuracy Skill Orb (g),0,0,0,0,0,0,0,0,0,0,0,0,0,0,1,1
646,Defense Skill Orb (g),0,0,0,0,0,0,0,0,0,0,0,0,0,0,1,1
647,Health Skill Orb (g),0,0,0,0,0,0,0,0,0,0,0,0,0,0,1,1
648,Destruction Skill Orb (g),0,0,0,0,0,0,0,0,0,0,0,0,0,0,1,1
649,Ranging Skill Orb (g),0,0,0,0,0,0,0,0,0,0,0,0,0,0,1,1
650,Psychic Skill Orb (g),0,0,0,0,0,0,0,0,0,0,0,0,0,0,1,1
651,Trading Skill Orb (g),0,0,0,0,0,0,0,0,0,0,0,0,0,0,1,1
652,Survival Skill Orb (g),0,0,0,0,0,0,0,0,0,0,0,0,0,0,1,1
653,Guildwork Skill Orb (g),0,0,0,0,0,0,0,0,0,0,0,0,0,0,1,1
654,Fletching Skill Orb (g),0,0,0,0,0,0,0,0,0,0,0,0,0,0,1,1
655,Farming Skill Orb (g),0,0,0,0,0,0,0,0,0,0,0,0,0,0,1,1
656,Stamina Skill Orb (g),0,0,0,0,0,0,0,0,0,0,0,0,0,0,1,1
657,Explosives Skill Orb (g),0,0,0,0,0,0,0,0,0,0,0,0,0,0,1,1
658,Mechanics Skill Orb (g),0,0,0,0,0,0,0,0,0,0,0,0,0,0,1,1
659,Metalwork Skill Orb (g),0,0,0,0,0,0,0,0,0,0,0,0,0,0,1,1
660,Mining Skill Orb (g),0,0,0,0,0,0,0,0,0,0,0,0,0,0,1,1
661,Chemistry Skill Orb (g),0,0,0,0,0,0,0,0,0,0,0,0,0,0,1,1
662,Stealing Skill Orb (g),0,0,0,0,0,0,0,0,0,0,0,0,0,0,1,1
663,Melee Skill Orb,0,0,0,0,0,0,0,0,0,0,0,0,0,0,1,1
664,Accuracy Skill Orb,0,0,0,0,0,0,0,0,0,0,0,0,0,0,1,1
665,Defense Skill Orb,0,0,0,0,0,0,0,0,0,0,0,0,0,0,1,1
666,Health Skill Orb,0,0,0,0,0,0,0,0,0,0,0,0,0,0,1,1
667,Destruction Skill Orb,0,0,0,0,0,0,0,0,0,0,0,0,0,0,1,1
668,Ranging Skill Orb,0,0,0,0,0,0,0,0,0,0,0,0,0,0,1,1
669,Psychic Skill Orb,0,0,0,0,0,0,0,0,0,0,0,0,0,0,1,1
670,Trading Skill Orb,0,0,0,0,0,0,0,0,0,0,0,0,0,0,1,1
671,Survival Skill Orb,0,0,0,0,0,0,0,0,0,0,0,0,0,0,1,1
672,Guildwork Skill Orb,0,0,0,0,0,0,0,0,0,0,0,0,0,0,1,1
673,Fletching Skill Orb,0,0,0,0,0,0,0,0,0,0,0,0,0,0,1,1
674,Farming Skill Orb,0,0,0,0,0,0,0,0,0,0,0,0,0,0,1,1
675,Stamina Skill Orb,0,0,0,0,0,0,0,0,0,0,0,0,0,0,1,1
676,Explosives Skill Orb,0,0,0,0,0,0,0,0,0,0,0,0,0,0,1,1
677,Mechanics Skill Orb,0,0,0,0,0,0,0,0,0,0,0,0,0,0,1,1
678,Metalwork Skill Orb,0,0,0,0,0,0,0,0,0,0,0,0,0,0,1,1
679,Mining Skill Orb,0,0,0,0,0,0,0,0,0,0,0,0,0,0,1,1
680,Chemistry Skill Orb,0,0,0,0,0,0,0,0,0,0,0,0,0,0,1,1
681,Stealing Skill Orb,0,0,0,0,0,0,0,0,0,0,0,0,0,0,1,1
682,E. Copper Staff,0,0,0,0,0,20,9,13,4,1.5,50,0,0,0,101,1000
683,Helm of the Bull,45,18,35,8,0,8,0,0,0,0,65,0,0,0,2001,20000
684,Deadwood Bark,0,0,0,0,0,0,0,0,0,0,0,0,1,0,1,0
685,Pine Bark,0,0,0,0,0,0,0,0,0,0,0,0,10,0,1,3
686,Oak Bark,0,0,0,0,0,0,0,0,0,0,0,0,20,0,1,7
687,Willow Bark,0,0,0,0,0,0,0,0,0,0,0,0,30,0,1,13
688,Yellowwood Bark,0,0,0,0,0,0,0,0,0,0,0,0,40,0,3,25
689,Psywood Bark,0,0,0,0,0,0,0,0,0,0,0,0,50,0,6,50
690,Acacia Bark,0,0,0,0,0,0,0,0,0,0,0,0,60,0,8,75
691,Weerwood Bark,0,0,0,0,0,0,0,0,0,0,0,0,70,0,10,100
692,Redwood Bark,0,0,0,0,0,0,0,0,0,0,0,0,80,0,11,110
693,Baobab Bark,0,0,0,0,0,0,0,0,0,0,0,0,90,0,13,125
694,Debarking Tool,0,0,0,0,0,0,0,0,0,0,0,0,0,0,1,1
695,Vial Package,0,0,0,0,0,0,0,0,0,0,0,0,0,0,1,1
696,Psy Vial Package,0,0,0,0,0,0,0,0,0,0,0,0,0,0,1,1
697,Gunpowder Package,0,0,0,0,0,0,0,0,0,0,0,0,0,0,1,1
698,Empty Vial Package,0,0,0,0,0,0,0,0,0,0,0,0,0,0,1,1
699,String Package,0,0,0,0,0,0,0,0,0,0,0,0,0,0,1,1
700,Bowstring Package,0,0,0,0,0,0,0,0,0,0,0,0,0,0,1,1
701,Damascus Microbond,0,0,0,0,0,0,0,0,0,0,0,0,0,0,1,1
702,Demonic Pickaxe,0,0,0,0,0,0,0,0,5,0,1,1,1,0,3101,31000
703,Demonic Axe,0,0,0,0,0,0,0,0,5,0,1,1,1,0,3101,31000
704,Cowboy Hat,0,0,0,0,0,0,0,0,0,0,0,0,0,0,1,1
705,Crown of Nebuchadnezzar,0,0,0,0,0,0,0,0,0,0,0,0,0,0,1,1
706,Cloak of Destruction,0,0,0,0,0,0,0,0,0,0,0,0,0,0,1,1
707,Red Firecracker,0,0,0,0,0,0,0,1,0,0,1,0,0,0,1,1
708,Green Firecracker,0,0,0,0,0,0,0,1,0,0,1,0,0,0,1,1
709,Black Firecracker,0,0,0,0,0,0,0,1,0,0,1,0,0,0,1,1
710,Purple Firecracker,0,0,0,0,0,0,0,1,0,0,1,0,0,0,1,1
711,Blue Firecracker,0,0,0,0,0,0,0,1,0,0,1,0,0,0,1,1
712,Demonic Ore,0,0,0,0,0,0,0,0,0,0,0,0,0,0,25,1
713,Demonic Fish,0,0,0,0,0,0,0,0,0,0,0,0,0,0,25,1
714,Demonic Logs,0,0,0,0,0,0,0,0,0,0,0,0,0,0,25,1
715,Demonic Fishing Rod,0,0,0,0,0,0,0,0,5,0,1,1,1,0,3101,31000
716,Demonic Net,0,0,0,0,0,0,0,0,5,1,1,1,1,0,3101,31000
717,Demonic Spade,0,0,0,0,0,0,0,0,5,0,1,1,1,0,3101,31000
718,Tortoise Helmet,0,0,0,0,0,0,0,0,0,0,0,0,0,0,1,1
719,Chef Hat,0,0,0,0,0,0,0,0,0,0,1,30,0,0,1,1
720,Boots of the Bull,45,20,0,8,0,0,0,0,0,0,65,0,0,0,5001,50000
721,Demon Slayer Katana,0,0,0,0,0,0,22,34,2,0,70,0,0,0,5001,50000
722,Shield of the Bull,55,30,0,10,-10,-10,0,0,0,0,65,0,0,0,5001,50000
723,Guilded Cloak,0,0,0,0,0,0,0,0,0,0,0,0,0,0,1,1
724,Suit Shoes,0,0,0,0,0,0,0,0,0,0,0,0,0,0,1,1
725,Suit Top,0,0,0,0,0,0,0,0,0,0,0,0,0,0,1,1
726,Suit Pants,0,0,0,0,0,0,0,0,0,0,0,0,0,0,1,1
727,Money Bag,0,0,0,0,0,0,0,0,0,0,0,0,0,0,1,1
728,Cosmetic Coin,0,0,0,0,0,0,0,0,0,0,0,0,0,0,1,1
729,Fireworks Package,0,0,0,0,0,0,0,0,0,0,0,0,0,0,1,1
730,Pineapple Staff,0,0,0,0,0,0,0,0,0,0,0,0,0,0,1,1
731,Big River Staff,0,0,0,0,0,0,0,0,0,0,0,0,0,0,1,1
732,Potato Head,0,0,0,0,0,0,0,0,0,0,0,0,0,0,1,1
733,Cane,0,0,0,0,0,0,0,0,0,0,0,0,0,0,1,1
734,Jon Suit,0,0,0,0,0,0,0,0,0,0,0,0,0,0,1,1
735,Ring of Coins,0,0,0,0,0,0,0,0,0,0,0,0,0,0,1,1
736,Big River Cloak,0,0,0,0,0,0,0,0,0,0,0,0,0,0,1,1
737,Halloween Seeds,0,0,0,0,0,0,0,0,0,0,0,0,0,0,0,1
738,Pumpkin,0,0,0,0,0,0,0,0,0,0,0,0,0,0,0,1
739,Fiery Boots,0,60,30,0,4,0,0,0,0,0,70,0,0,0,501,5000
740,Fiery Gloves,0,60,30,0,4,0,0,0,0,0,70,0,0,0,501,5000
741,Fiery Top,0,68,36,-12,4,-12,0,0,0,0,70,0,0,0,1501,15000
742,Fiery Pants,0,65,40,-10,4,-10,0,0,0,0,70,0,0,0,1201,12000
743,Fiery Hood,0,60,30,0,4,0,0,0,0,0,70,0,0,0,501,5000
744,Cultist Boots,12,0,30,0,0,4,0,0,0,0,70,0,0,0,201,2000
745,Cultist Gloves,12,0,30,0,0,4,0,0,0,0,70,0,0,0,101,1000
746,Cultist Hat,24,0,48,0,0,15,0,0,0,0,70,0,0,0,301,3000
747,Cultist Robe Bottom,24,0,48,-6,-6,4,0,0,0,0,70,0,0,0,401,4000
748,Cultist Robe Top,24,0,56,-8,-8,4,0,0,0,0,70,0,0,0,501,5000
749,Pumpkin Cloak,0,0,0,0,0,0,0,0,0,0,0,0,0,0,1,1
750,Pumpkin Mask,0,0,0,0,0,0,0,0,0,0,0,0,0,0,1,1
751,Bat Suit Hat,0,0,0,0,0,0,0,0,0,0,0,0,0,0,1,1
752,Bat Suit Top,0,0,0,0,0,0,0,0,0,0,0,0,0,0,1,1
753,Bat Suit Bottom,0,0,0,0,0,0,0,0,0,0,0,0,0,0,1,1
754,Bat Suit Gloves,0,0,0,0,0,0,0,0,0,0,0,0,0,0,1,1
755,Bat Suit Boots,0,0,0,0,0,0,0,0,0,0,0,0,0,0,1,1
756,Ring of Slime,0,0,0,0,0,0,0,0,0,0,0,0,0,0,1,1
757,Bearington Outfit,0,0,0,0,0,0,0,0,0,0,0,0,0,0,1,1
758,Ghost Outfit,0,0,0,0,0,0,0,0,0,0,0,0,0,0,1,1
759,Pirate Bandana,0,0,0,0,0,0,0,0,0,0,0,0,0,0,1,1
760,Demonic Scimitar,0,0,0,15,0,0,45,65,3,0,75,0,0,0,3201,32000
761,Demonic Staff,0,0,0,0,0,40,15,20,4,1.5,75,0,0,0,1501,15000
762,Demonic Crossbow,0,0,0,0,15,0,70,86,6,7,75,0,0,0,2501,25000
763,Demonic Shards,0,0,0,0,0,0,0,0,0,0,0,0,0,0,0,1
764,All White Cloak,0,0,0,0,0,0,0,0,0,0,0,0,0,0,1,1
765,Demon Tail,0,0,0,0,0,0,0,0,0,0,0,0,0,0,1,1
766,Goblin Outfit,0,0,0,0,0,0,0,0,0,0,0,0,0,0,1,1
767,Ring of Wool,0,0,0,0,0,0,0,0,0,0,0,0,0,0,1,1
768,Black Beanie,0,0,0,0,0,0,0,0,0,0,0,0,0,0,1,1
769,Blue Beanie,0,0,0,0,0,0,0,0,0,0,0,0,0,0,1,1
770,Candy Cane Sword,0,0,0,0,0,0,0,0,0,0,0,0,0,0,1,1
771,Christmas Cloak,0,0,0,0,0,0,0,0,0,0,0,0,0,0,1,1
772,Green Beanie,0,0,0,0,0,0,0,0,0,0,0,0,0,0,1,1
773,Krampus Mask,0,0,0,0,0,0,0,0,0,0,0,0,0,0,1,1
774,Christmas Present,0,0,0,0,0,0,0,0,0,0,0,0,0,0,1,1
775,Purple Beanie,0,0,0,0,0,0,0,0,0,0,0,0,0,0,1,1
776,Red Beanie,0,0,0,0,0,0,0,0,0,0,0,0,0,0,1,1
777,Reindeer Antlers,0,0,0,0,0,0,0,0,0,0,0,0,0,0,1,1
778,Ring of Christmas,0,0,0,0,0,0,0,0,0,0,0,0,0,0,1,1
779,Santa Boots,0,0,0,0,0,0,0,0,0,0,0,0,0,0,1,1
780,Santa Hat,0,0,0,0,0,0,0,0,0,0,0,0,0,0,1,1
781,Santa Pants,0,0,0,0,0,0,0,0,0,0,0,0,0,0,1,1
782,Santa Top,0,0,0,0,0,0,0,0,0,0,0,0,0,0,1,1
783,Christmas Stocking,0,0,0,0,0,0,0,0,0,0,0,0,0,0,1,1
784,White Beanie,0,0,0,0,0,0,0,0,0,0,0,0,0,0,1,1
785,D. Ironman Helmet,0,0,0,0,0,0,0,0,0,0,0,0,0,0,1,1
786,D. Ironman Platebody,0,0,0,0,0,0,0,0,0,0,0,0,0,0,1,1
787,D. Ironman Platelegs,0,0,0,0,0,0,0,0,0,0,0,0,0,0,1,1
788,HD. Ironman Helmet,0,0,0,0,0,0,0,0,0,0,0,0,0,0,1,1
789,HD. Ironman Platebody,0,0,0,0,0,0,0,0,0,0,0,0,0,0,1,1
790,HD. Ironman Platelegs,0,0,0,0,0,0,0,0,0,0,0,0,0,0,1,1
791,H. Ironman Helmet,0,0,0,0,0,0,0,0,0,0,0,0,0,0,1,1
792,H. Ironman Platebody,0,0,0,0,0,0,0,0,0,0,0,0,0,0,1,1
793,H. Ironman Platelegs,0,0,0,0,0,0,0,0,0,0,0,0,0,0,1,1
794,Ironman Helmet,0,0,0,0,0,0,0,0,0,0,0,0,0,0,1,1
795,Ironman Platebody,0,0,0,0,0,0,0,0,0,0,0,0,0,0,1,1
796,Ironman Platelegs,0,0,0,0,0,0,0,0,0,0,0,0,0,0,1,1
797,Crablante Claw,0,0,0,0,0,0,0,0,0,0,0,0,0,0,1,1
798,Heart Shield,0,0,0,0,0,0,0,0,0,0,0,0,0,0,1,1
799,Cloak of Romance,0,0,0,0,0,0,0,0,0,0,0,0,0,0,1,1
800,Cat Ears,0,0,0,0,0,0,0,0,0,0,0,0,0,0,1,1
801,Chicken Ring,0,0,0,0,0,0,0,0,0,0,0,0,0,0,1,1
802,Super Luci,0,0,0,0,0,0,0,0,0,0,0,0,0,0,1,1
803,E. Damascus 2H Warhammer,0,0,0,0,0,0,34,58,5,0,70,0,95,0,5801,58000
804,E. Damascus 2H Sword,0,0,0,0,0,0,32,58,5,0,70,0,95,0,5801,58000
805,E. Damascus Axe,0,0,0,0,0,0,0,0,5,0,70,70,95,0,6201,62000
806,E. Damascus Battleaxe,0,0,0,0,0,0,30,70,4,0,70,0,95,0,6201,62000
807,E. Damascus Boots,40,25,0,4,0,0,0,0,0,0,70,0,95,0,2001,20000
808,E. Damascus Buckler,40,25,0,4,4,-10,0,0,0,0,70,0,95,0,4001,40000
809,E. Damascus Chainbody,40,25,0,4,-10,-10,0,0,0,0,70,0,95,0,8001,80000
810,E. Damascus Dagger,0,0,0,0,0,0,0,13,1,0,70,0,95,0,5001,50000
811,E. Damascus Gladius,0,0,0,4,0,0,32,52,3,0,70,0,95,0,5801,58000
812,E. Damascus Gloves,40,25,0,4,0,0,0,0,0,0,70,0,95,0,2001,20000
813,E. Damascus Halbred,0,0,0,0,0,0,30,72,5,0,70,0,95,0,6201,62000
814,E. Damascus Helmet,40,25,0,4,0,0,0,0,0,0,70,0,95,0,4001,40000
815,E. Damascus Katana,0,0,0,0,0,0,18,33,2,0,70,0,95,0,6201,62000
816,E. Damascus Kiteshield,48,35,0,6,-10,-10,0,0,0,0,70,0,95,0,6001,60000
817,E. Damascus Long Sword,0,0,0,0,0,0,20,40,3,0,70,0,95,0,5801,58000
818,E. Damascus Plateskirt,40,25,0,8,-10,-10,0,0,0,0,70,0,95,0,6001,60000
819,E. Damascus Platelegs,40,25,0,8,-10,-10,0,0,0,0,70,0,95,0,6001,60000
820,E. Damascus Platebody,70,40,0,12,-10,-10,0,0,0,0,70,0,95,0,10001,100000
821,E. Damascus Mace,0,0,0,0,0,0,32,64,4,0,70,0,95,0,5401,54000
822,E. Damascus Scimitar,0,0,0,0,0,0,20,45,3,0,70,0,95,0,5801,58000
823,E. Damascus Short Sword,0,0,0,0,0,0,20,35,3,0,70,0,95,0,5801,58000
824,E. Damascus Spear,0,0,0,0,0,0,50,90,5,0,70,0,95,0,5801,58000
825,E. Damascus Warhammer,0,0,0,0,0,0,28,70,4,0,70,0,95,0,5801,58000
826,Nitrogen Gas,0,0,0,0,0,0,0,0,0,0,0,0,0,0,9,100
827,Sulphur,0,0,0,0,0,0,0,0,0,0,0,0,0,0,4,50
828,Pot,0,0,0,0,0,0,0,0,0,0,0,0,0,0,0,1
829,Potash,0,0,0,0,0,0,0,0,0,0,0,0,0,0,5,60
830,Hazmat Mask,0,0,0,0,0,0,0,0,0,0,0,0,0,0,1,1
831,Hazmat Top,0,0,0,0,0,0,0,0,0,0,0,0,0,0,1,1
832,Hazmat Pants,0,0,0,0,0,0,0,0,0,0,0,0,0,0,1,1
833,Hazmat Gloves,0,0,0,0,0,0,0,0,0,0,0,0,0,0,1,1
834,Hazmat Boots,0,0,0,0,0,0,0,0,0,0,0,0,0,0,1,1
835,Plasma Belt,0,0,0,0,0,0,0,0,0,0,0,0,0,0,1,1
836,Gunpowder Keg,0,0,0,0,0,0,0,0,0,0,0,0,28,0,1,1
837,Enchanted Heart,0,0,0,0,0,0,0,0,0,0,0,0,0,0,10000,100000
838,Airtight Container,0,0,0,0,0,0,0,0,0,0,0,0,0,0,1,1
839,Reinforced BoD,0,0,0,0,0,0,0,0,0,0,0,0,0,0,0,15